{"stats":{"minecraft:custom":{"minecraft:jump":31,"minecraft:time_since_rest":11391,"minecraft:play_time":11391,"minecraft:walk_on_water_one_cm":2158,"minecraft:time_since_death":11391,"minecraft:walk_one_cm":9965,"minecraft:total_world_time":11391,"minecraft:walk_under_water_one_cm":6167,"minecraft:fly_one_cm":72287},"minecraft:picked_up":{"minecraft:stick":2,"quark:azalea_log":1,"minecraft:azalea":1,"minecraft:spruce_sapling":2,"minecraft:spruce_log":23},"minecraft:used":{"minecraft:trident":3,"mekanismtools:diamond_paxel":4,"minecraft:grass_block":2}},"DataVersion":3465}