{"stats":{"minecraft:custom":{"minecraft:jump":29,"minecraft:time_since_rest":22322,"minecraft:damage_dealt":20,"minecraft:leave_game":1,"minecraft:play_time":22322,"minecraft:sprint_one_cm":182,"minecraft:time_since_death":22322,"minecraft:walk_one_cm":7279,"minecraft:sneak_time":72,"minecraft:total_world_time":22322,"minecraft:drop":17,"minecraft:fly_one_cm":241994},"minecraft:picked_up":{"ad_astra:moon_sand":16},"minecraft:used":{"ad_astra:tier_4_rocket":1,"alexscaves:nuclear_bomb":1,"ad_astra:launch_pad":1,"minecraft:flint_and_steel":2,"alexscaves:waste_drum":1},"minecraft:dropped":{"mekanism:atomic_disassembler":1,"ad_astra:moon_sand":16}},"DataVersion":3465}