{"stats":{"minecraft:custom":{"minecraft:time_since_rest":23391,"minecraft:play_time":23391,"minecraft:walk_one_cm":17256,"minecraft:walk_under_water_one_cm":6167,"minecraft:jump":63,"minecraft:time_since_death":23391,"minecraft:walk_on_water_one_cm":2158,"minecraft:total_world_time":23391,"minecraft:fly_one_cm":207611},"minecraft:picked_up":{"minecraft:raw_copper":4,"minecraft:stick":2,"minecraft:andesite":5,"createsifter:advanced_custom_mesh":1,"minecraft:gravel":1,"minecraft:granite":11,"minecraft:spruce_sapling":3,"quark:azalea_log":1,"minecraft:azalea":1,"minecraft:diorite":4,"minecraft:rooted_dirt":1,"minecraft:spruce_log":24,"minecraft:lapis_lazuli":7,"mekanism:raw_tin":3,"minecraft:coal":1,"minecraft:dirt":14,"minecraft:cobblestone":92},"minecraft:used":{"minecraft:trident":14,"minecraft:jungle_leaves":19,"minecraft:grass_block":2,"minecraft:podzol":1,"minecraft:stone":24,"mekanismtools:diamond_paxel":5}},"DataVersion":3465}