{"stats":{"minecraft:custom":{"minecraft:time_since_rest":28829,"minecraft:crouch_one_cm":167,"minecraft:sprint_one_cm":3774,"minecraft:play_time":28829,"minecraft:walk_one_cm":13661,"minecraft:sneak_time":648,"minecraft:interact_with_anvil":1,"minecraft:drop":21,"minecraft:jump":30,"minecraft:leave_game":3,"minecraft:walk_on_water_one_cm":205,"minecraft:time_since_death":28829,"minecraft:climb_one_cm":179,"minecraft:total_world_time":28829,"minecraft:fly_one_cm":200017},"minecraft:picked_up":{"twilightforest:lich_tower_miniature_structure":1,"alexsmobs:spawn_egg_potoo":1,"ad_astra:launch_pad":1,"ad_astra:moon_sand":32,"quark:orange_shard":2,"minecraft:snowball":80},"minecraft:used":{"alexsmobs:spawn_egg_farseer":1,"mekanism:induction_casing":4,"minecraft:anvil":1,"minecraft:flint_and_steel":1,"alexsmobs:spawn_egg_mudskipper":2,"ad_astra:moon_sand":10,"twilightforest:snow_queen_trophy":1,"ad_astra:tier_1_rocket":5,"mekanism:induction_port":1,"alexsmobs:rainbow_jelly":1,"alexscaves:nuclear_bomb":3,"alexsmobs:blobfish_bucket":1,"alexsmobs:spawn_egg_potoo":1,"ad_astra:tier_4_rocket":2,"twilightforest:lich_tower_miniature_structure":1,"ad_astra:launch_pad":7},"minecraft:dropped":{"twilightforest:lich_tower_miniature_structure":1,"quark:orange_shard":2,"alexsmobs:spawn_egg_potoo":1,"ad_astra:tier_1_rocket":1,"minecraft:snowball":16}},"DataVersion":3465}