{"stats":{"minecraft:custom":{"lootr:looted_stat":7,"minecraft:mob_kills":3,"minecraft:interact_with_crafting_table":2,"minecraft:interact_with_loom":2,"minecraft:leave_game":1,"minecraft:time_since_death":28813,"minecraft:time_since_rest":28837,"minecraft:sprint_one_cm":20785,"minecraft:damage_taken":360,"minecraft:walk_one_cm":57657,"minecraft:drop":24,"minecraft:damage_dealt":474,"minecraft:fly_one_cm":211457,"minecraft:open_chest":1,"minecraft:crouch_one_cm":1523,"minecraft:play_time":33752,"minecraft:deaths":1,"minecraft:sneak_time":1318,"minecraft:walk_under_water_one_cm":5402,"minecraft:jump":94,"minecraft:walk_on_water_one_cm":3958,"minecraft:total_world_time":33752,"minecraft:fall_one_cm":1225},"minecraft:picked_up":{"minecraft:andesite":7,"alexscaves:unrefined_waste":1,"quark:azalea_log":1,"minecraft:dirt":13,"minecraft:raw_copper":4,"minecraft:bone":4,"minecraft:wheat_seeds":1,"minecraft:calcite":3,"minecraft:azalea":2,"minecraft:stick":6,"createsifter:crushed_end_stone":2,"minecraft:gravel":1,"minecraft:spruce_sapling":6,"minecraft:diorite":8,"minecraft:spruce_log":106,"minecraft:mossy_cobblestone":1,"minecraft:arrow":1,"minecraft:granite":7,"createsifter:sifter":1,"minecraft:spruce_sign":1,"minecraft:rooted_dirt":4,"minecraft:coal":1,"minecraft:cobblestone":110},"minecraft:dropped":{"minecraft:gravel":1,"alexscaves:spawn_egg_gammaroach":1,"createsifter:crushed_end_stone":2,"minecraft:cobblestone":9,"minecraft:rooted_dirt":4,"minecraft:flint_and_steel":1,"quark:bottled_cloud":1,"estrogen:testosterone_powder":1,"alexscaves:unrefined_waste":2,"createsifter:sifter":1,"minecraft:spruce_log":1},"minecraft:mined":{"minecraft:tuff":1,"minecraft:calcite":3,"minecraft:diorite":5,"minecraft:spruce_log":5},"minecraft:killed":{"minecraft:skeleton":1,"alexsmobs:flutter":1},"minecraft:crafted":{"minecraft:crafting_table":1,"minecraft:spruce_planks":20,"minecraft:iron_axe":1,"minecraft:stick":8,"minecraft:iron_pickaxe":1,"minecraft:wooden_axe":1},"minecraft:used":{"alexscaves:unrefined_waste":1,"createaddition:large_connector":3,"createaddition:redstone_relay":1,"createsifter:crushed_end_stone":1,"create_enchantment_industry:disenchanter":1,"alexsmobs:transmutation_table":1,"minecraft:flint_and_steel":2,"alexscaves:spawn_egg_gammaroach":1,"estrogen:estrogen_pill_block":3,"create_enchantment_industry:hyper_experience_bottle":25,"minecraft:diamond_axe":3,"railways:iron_wrapped_locometal_boiler":1,"createaddition:festive_spool":3,"estrogen:crystal_estrogen_pill":8,"alexscaves:tremorzilla_egg":1,"minecraft:crafting_table":1,"createaddition:small_light_connector":1,"ad_astra:tier_1_rover":1,"alexsmobs:potted_flutter":2,"minecraft:bamboo_raft":1,"minecraft:iron_axe":7,"minecraft:bread":2,"minecraft:spawner":1,"minecraft:iron_pickaxe":9,"create_confectionery:white_chocolate_candy_1":1,"createaddition:electrum_spool":12,"createaddition:creative_energy":1,"alexsmobs:void_worm_effigy":2,"createsifter:sifter":2,"createsifter:brass_sifter":1,"createaddition:electric_motor":2,"alexsmobs:hummingbird_feeder":1,"alexscaves:nuclear_bomb":2},"minecraft:killed_by":{"minecraft:skeleton":1}},"DataVersion":3465}