{"stats":{"minecraft:custom":{"minecraft:open_chest":1,"minecraft:time_since_rest":4837,"minecraft:damage_taken":360,"minecraft:play_time":9752,"minecraft:walk_one_cm":12533,"minecraft:crouch_one_cm":147,"lootr:looted_stat":5,"minecraft:sprint_one_cm":11328,"minecraft:deaths":1,"minecraft:sneak_time":36,"minecraft:walk_under_water_one_cm":1780,"minecraft:mob_kills":2,"minecraft:jump":47,"minecraft:damage_dealt":344,"minecraft:leave_game":1,"minecraft:time_since_death":4813,"minecraft:walk_on_water_one_cm":3600,"minecraft:total_world_time":9752,"minecraft:interact_with_crafting_table":2,"minecraft:fall_one_cm":1225,"minecraft:fly_one_cm":8666},"minecraft:picked_up":{"minecraft:arrow":1,"minecraft:bone":4,"minecraft:wheat_seeds":1,"minecraft:calcite":3,"minecraft:diorite":4,"minecraft:spruce_log":5},"minecraft:mined":{"minecraft:calcite":3,"minecraft:tuff":1,"minecraft:spruce_log":5,"minecraft:diorite":5},"minecraft:killed":{"minecraft:skeleton":1},"minecraft:crafted":{"minecraft:crafting_table":1,"minecraft:iron_axe":1,"minecraft:spruce_planks":20,"minecraft:stick":8,"minecraft:iron_pickaxe":1,"minecraft:wooden_axe":1},"minecraft:used":{"minecraft:crafting_table":1,"minecraft:iron_axe":7,"minecraft:bread":2,"minecraft:iron_pickaxe":9},"minecraft:killed_by":{"minecraft:skeleton":1}},"DataVersion":3465}