{"stats":{"minecraft:custom":{"minecraft:time_since_rest":20460,"minecraft:crouch_one_cm":7,"minecraft:sprint_one_cm":2071,"minecraft:play_time":20460,"minecraft:walk_one_cm":8372,"minecraft:sneak_time":218,"minecraft:drop":3,"minecraft:jump":20,"minecraft:leave_game":2,"minecraft:walk_on_water_one_cm":205,"minecraft:time_since_death":20460,"minecraft:climb_one_cm":179,"minecraft:total_world_time":20460,"minecraft:fly_one_cm":160003},"minecraft:picked_up":{"twilightforest:lich_tower_miniature_structure":1,"alexsmobs:spawn_egg_potoo":1,"ad_astra:moon_sand":32},"minecraft:used":{"mekanism:induction_casing":4,"minecraft:flint_and_steel":1,"alexsmobs:spawn_egg_mudskipper":1,"twilightforest:snow_queen_trophy":1,"mekanism:induction_port":1,"ad_astra:tier_1_rocket":4,"alexsmobs:rainbow_jelly":1,"alexsmobs:blobfish_bucket":1,"alexscaves:nuclear_bomb":3,"alexsmobs:spawn_egg_potoo":1,"twilightforest:lich_tower_miniature_structure":1,"ad_astra:launch_pad":4},"minecraft:dropped":{"twilightforest:lich_tower_miniature_structure":1,"alexsmobs:spawn_egg_potoo":1,"ad_astra:tier_1_rocket":1}},"DataVersion":3465}