{"stats":{"minecraft:custom":{"minecraft:time_since_rest":16837,"lootr:looted_stat":7,"minecraft:sprint_one_cm":20124,"minecraft:damage_taken":360,"minecraft:walk_one_cm":25209,"minecraft:mob_kills":3,"minecraft:drop":2,"minecraft:damage_dealt":464,"minecraft:interact_with_crafting_table":2,"minecraft:fly_one_cm":62634,"minecraft:open_chest":1,"minecraft:crouch_one_cm":927,"minecraft:interact_with_loom":2,"minecraft:play_time":21752,"minecraft:deaths":1,"minecraft:sneak_time":608,"minecraft:walk_under_water_one_cm":5402,"minecraft:jump":78,"minecraft:walk_on_water_one_cm":3958,"minecraft:leave_game":1,"minecraft:time_since_death":16813,"minecraft:total_world_time":21752,"minecraft:fall_one_cm":1225},"minecraft:picked_up":{"minecraft:stick":6,"quark:azalea_log":1,"minecraft:spruce_sapling":6,"minecraft:diorite":4,"minecraft:spruce_log":105,"minecraft:bone":4,"minecraft:arrow":1,"minecraft:wheat_seeds":1,"minecraft:calcite":3,"minecraft:spruce_sign":1,"minecraft:azalea":2},"minecraft:dropped":{"quark:bottled_cloud":1,"estrogen:testosterone_powder":1},"minecraft:mined":{"minecraft:tuff":1,"minecraft:spruce_log":5,"minecraft:calcite":3,"minecraft:diorite":5},"minecraft:killed":{"minecraft:skeleton":1,"alexsmobs:flutter":1},"minecraft:crafted":{"minecraft:iron_axe":1,"minecraft:crafting_table":1,"minecraft:spruce_planks":20,"minecraft:stick":8,"minecraft:iron_pickaxe":1,"minecraft:wooden_axe":1},"minecraft:used":{"createaddition:large_connector":2,"alexsmobs:potted_flutter":2,"minecraft:bamboo_raft":1,"alexsmobs:transmutation_table":1,"estrogen:estrogen_pill_block":3,"minecraft:iron_axe":7,"minecraft:bread":2,"createaddition:electrum_spool":4,"minecraft:iron_pickaxe":9,"minecraft:spawner":1,"createaddition:creative_energy":1,"alexsmobs:void_worm_effigy":2,"minecraft:diamond_axe":3,"createaddition:festive_spool":3,"estrogen:crystal_estrogen_pill":8,"alexsmobs:hummingbird_feeder":1,"minecraft:crafting_table":1,"createaddition:small_light_connector":1,"ad_astra:tier_1_rover":1},"minecraft:killed_by":{"minecraft:skeleton":1}},"DataVersion":3465}