{
  "mcwfences:recipes/stone": {
    "criteria": {
      "has_stone": "2024-09-01 19:24:16 +0000"
    },
    "done": true
  },
  "mcwfences:recipes/end": {
    "criteria": {
      "has_end_brick": "2024-09-01 19:24:16 +0000"
    },
    "done": true
  },
  "mcwfences:recipes/bamboo": {
    "criteria": {
      "has_bamboo": "2024-09-01 19:24:16 +0000"
    },
    "done": true
  },
  "mcwfences:recipes/deepslate": {
    "criteria": {
      "has_deepslate": "2024-09-01 19:24:16 +0000"
    },
    "done": true
  },
  "mcwfences:recipes/dark_oak": {
    "criteria": {
      "has_dark_oak": "2024-09-01 19:24:16 +0000"
    },
    "done": true
  },
  "mcwfences:recipes/spruce": {
    "criteria": {
      "has_spruce": "2024-09-01 19:24:16 +0000"
    },
    "done": true
  },
  "minecraft:story/mine_stone": {
    "criteria": {
      "get_stone": "2024-09-01 19:40:36 +0000"
    },
    "done": true
  },
  "friendsandfoes:misc/yellow_dye_from_buttercup": {
    "criteria": {
      "has_the_recipe": "2024-09-01 19:24:16 +0000"
    },
    "done": true
  },
  "mcwfences:recipes/crimson": {
    "criteria": {
      "has_crimson": "2024-09-01 19:24:16 +0000"
    },
    "done": true
  },
  "mcwfences:recipes/prismarine": {
    "criteria": {
      "has_qq": "2024-09-01 19:24:16 +0000"
    },
    "done": true
  },
  "mcwfences:recipes/quartz": {
    "criteria": {
      "has_qq": "2024-09-01 19:24:16 +0000"
    },
    "done": true
  },
  "create:root": {
    "criteria": {
      "0": "2024-09-01 19:24:16 +0000"
    },
    "done": true
  },
  "naturescompass:natures_compass_log": {
    "criteria": {
      "has_recipe": "2024-09-01 19:24:16 +0000"
    },
    "done": true
  },
  "mcwfences:recipes/sandstone": {
    "criteria": {
      "has_sand": "2024-09-01 19:24:16 +0000"
    },
    "done": true
  },
  "mekanismtools:paxel": {
    "criteria": {
      "any_paxel": "2024-09-01 19:32:45 +0000"
    },
    "done": true
  },
  "mcwfences:recipes/acacia": {
    "criteria": {
      "has_acacia": "2024-09-01 19:24:16 +0000"
    },
    "done": true
  },
  "naturescompass:natures_compass": {
    "criteria": {
      "has_recipe": "2024-09-01 19:24:16 +0000"
    },
    "done": true
  },
  "mcwfences:recipes/jungle": {
    "criteria": {
      "has_jungle": "2024-09-01 19:24:16 +0000"
    },
    "done": true
  },
  "mcwfences:recipes/oak": {
    "criteria": {
      "has_oak": "2024-09-01 19:24:16 +0000"
    },
    "done": true
  },
  "naturescompass:natures_compass_sapling": {
    "criteria": {
      "has_recipe": "2024-09-01 19:24:16 +0000"
    },
    "done": true
  },
  "mekanism:root": {
    "criteria": {
      "automatic": "2024-09-01 19:24:16 +0000"
    },
    "done": true
  },
  "travelersbackpack:standard_from_custom": {
    "criteria": {
      "has_the_recipe": "2024-09-01 19:24:16 +0000"
    },
    "done": true
  },
  "mcwfences:recipes/mud_brick": {
    "criteria": {
      "has_qq": "2024-09-01 19:24:16 +0000"
    },
    "done": true
  },
  "mcwfences:recipes/mangrove": {
    "criteria": {
      "has_mangrove": "2024-09-01 19:24:16 +0000"
    },
    "done": true
  },
  "mcwfences:recipes/warped": {
    "criteria": {
      "has_warped": "2024-09-01 19:24:16 +0000"
    },
    "done": true
  },
  "mowziesmobs:root": {
    "criteria": {
      "custom_test_name": "2024-09-01 19:24:16 +0000"
    },
    "done": true
  },
  "lootr:root": {
    "criteria": {
      "always_true": "2024-09-01 19:24:16 +0000"
    },
    "done": true
  },
  "mcwfences:recipes/blackstone": {
    "criteria": {
      "has_blackstone": "2024-09-01 19:24:16 +0000"
    },
    "done": true
  },
  "minecraft:adventure/adventuring_time": {
    "criteria": {
      "minecraft:lukewarm_ocean": "2024-09-01 19:30:00 +0000",
      "minecraft:lush_caves": "2024-09-01 19:41:57 +0000",
      "minecraft:old_growth_spruce_taiga": "2024-09-01 19:24:17 +0000",
      "minecraft:deep_lukewarm_ocean": "2024-09-01 19:30:25 +0000"
    },
    "done": false
  },
  "mcwfences:recipes/hedge": {
    "criteria": {
      "has_birch": "2024-09-01 19:24:16 +0000"
    },
    "done": true
  },
  "mekanism:configurator": {
    "criteria": {
      "configurator": "2024-09-01 19:39:40 +0000"
    },
    "done": true
  },
  "mcwfences:recipes/nether": {
    "criteria": {
      "has_nether_brick": "2024-09-01 19:24:16 +0000"
    },
    "done": true
  },
  "alexscaves:alexscaves/hatch_tremorzilla_egg": {
    "criteria": {
      "hatch_tremorzilla_egg": "2024-09-01 19:40:56 +0000"
    },
    "done": true
  },
  "mcwfences:recipes/birch": {
    "criteria": {
      "has_birch": "2024-09-01 19:24:16 +0000"
    },
    "done": true
  },
  "DataVersion": 3465
}