{
  "mcwfences:recipes/stone": {
    "criteria": {
      "has_stone": "2024-08-30 19:40:31 +0000"
    },
    "done": true
  },
  "mcwfences:recipes/end": {
    "criteria": {
      "has_end_brick": "2024-08-30 19:40:31 +0000"
    },
    "done": true
  },
  "mcwfences:recipes/bamboo": {
    "criteria": {
      "has_bamboo": "2024-08-30 19:40:31 +0000"
    },
    "done": true
  },
  "mcwfences:recipes/deepslate": {
    "criteria": {
      "has_deepslate": "2024-08-30 19:40:31 +0000"
    },
    "done": true
  },
  "mcwfences:recipes/dark_oak": {
    "criteria": {
      "has_dark_oak": "2024-08-30 19:40:31 +0000"
    },
    "done": true
  },
  "mcwfences:recipes/spruce": {
    "criteria": {
      "has_spruce": "2024-08-30 19:40:31 +0000"
    },
    "done": true
  },
  "friendsandfoes:misc/yellow_dye_from_buttercup": {
    "criteria": {
      "has_the_recipe": "2024-08-30 19:40:31 +0000"
    },
    "done": true
  },
  "mcwfences:recipes/crimson": {
    "criteria": {
      "has_crimson": "2024-08-30 19:40:31 +0000"
    },
    "done": true
  },
  "mcwfences:recipes/prismarine": {
    "criteria": {
      "has_qq": "2024-08-30 19:40:31 +0000"
    },
    "done": true
  },
  "mcwfences:recipes/quartz": {
    "criteria": {
      "has_qq": "2024-08-30 19:40:31 +0000"
    },
    "done": true
  },
  "create:root": {
    "criteria": {
      "0": "2024-08-30 19:40:31 +0000"
    },
    "done": true
  },
  "naturescompass:natures_compass_log": {
    "criteria": {
      "has_recipe": "2024-08-30 19:40:31 +0000"
    },
    "done": true
  },
  "mcwfences:recipes/sandstone": {
    "criteria": {
      "has_sand": "2024-08-30 19:40:31 +0000"
    },
    "done": true
  },
  "mcwfences:recipes/acacia": {
    "criteria": {
      "has_acacia": "2024-08-30 19:40:31 +0000"
    },
    "done": true
  },
  "naturescompass:natures_compass": {
    "criteria": {
      "has_recipe": "2024-08-30 19:40:31 +0000"
    },
    "done": true
  },
  "mcwfences:recipes/jungle": {
    "criteria": {
      "has_jungle": "2024-08-30 19:40:31 +0000"
    },
    "done": true
  },
  "mcwfences:recipes/oak": {
    "criteria": {
      "has_oak": "2024-08-30 19:40:31 +0000"
    },
    "done": true
  },
  "naturescompass:natures_compass_sapling": {
    "criteria": {
      "has_recipe": "2024-08-30 19:40:31 +0000"
    },
    "done": true
  },
  "mekanism:root": {
    "criteria": {
      "automatic": "2024-08-30 19:40:31 +0000"
    },
    "done": true
  },
  "travelersbackpack:standard_from_custom": {
    "criteria": {
      "has_the_recipe": "2024-08-30 19:40:31 +0000"
    },
    "done": true
  },
  "mcwfences:recipes/mud_brick": {
    "criteria": {
      "has_qq": "2024-08-30 19:40:31 +0000"
    },
    "done": true
  },
  "mcwfences:recipes/mangrove": {
    "criteria": {
      "has_mangrove": "2024-08-30 19:40:31 +0000"
    },
    "done": true
  },
  "mcwfences:recipes/warped": {
    "criteria": {
      "has_warped": "2024-08-30 19:40:31 +0000"
    },
    "done": true
  },
  "mowziesmobs:root": {
    "criteria": {
      "custom_test_name": "2024-08-30 19:40:31 +0000"
    },
    "done": true
  },
  "lootr:root": {
    "criteria": {
      "always_true": "2024-08-30 19:40:31 +0000"
    },
    "done": true
  },
  "mcwfences:recipes/blackstone": {
    "criteria": {
      "has_blackstone": "2024-08-30 19:40:31 +0000"
    },
    "done": true
  },
  "mcwfences:recipes/hedge": {
    "criteria": {
      "has_birch": "2024-08-30 19:40:31 +0000"
    },
    "done": true
  },
  "mcwfences:recipes/nether": {
    "criteria": {
      "has_nether_brick": "2024-08-30 19:40:31 +0000"
    },
    "done": true
  },
  "mcwfences:recipes/birch": {
    "criteria": {
      "has_birch": "2024-08-30 19:40:31 +0000"
    },
    "done": true
  },
  "minecraft:adventure/adventuring_time": {
    "criteria": {
      "minecraft:lukewarm_ocean": "2024-09-01 19:29:59 +0000",
      "minecraft:old_growth_spruce_taiga": "2024-08-30 19:40:32 +0000"
    },
    "done": false
  },
  "minecraft:story/root": {
    "criteria": {
      "crafting_table": "2024-08-30 19:42:05 +0000"
    },
    "done": true
  },
  "lootr:social": {
    "criteria": {
      "opened_barrel": "2024-08-30 19:42:17 +0000",
      "opened_chest": "2024-08-30 19:42:32 +0000"
    },
    "done": false
  },
  "lootr:1barrel": {
    "criteria": {
      "opened_barrel": "2024-08-30 19:42:17 +0000"
    },
    "done": true
  },
  "minecraft:story/smelt_iron": {
    "criteria": {
      "iron": "2024-08-30 19:42:17 +0000"
    },
    "done": true
  },
  "lootr:1chest": {
    "criteria": {
      "opened_chest": "2024-08-30 19:42:32 +0000"
    },
    "done": true
  },
  "minecraft:story/iron_tools": {
    "criteria": {
      "iron_pickaxe": "2024-08-30 19:43:21 +0000"
    },
    "done": true
  },
  "minecraft:adventure/root": {
    "criteria": {
      "killed_something": "2024-08-30 19:43:25 +0000"
    },
    "done": true
  },
  "minecraft:adventure/kill_all_mobs": {
    "criteria": {
      "minecraft:skeleton": "2024-08-30 19:43:25 +0000"
    },
    "done": false
  },
  "minecraft:adventure/kill_a_mob": {
    "criteria": {
      "minecraft:skeleton": "2024-08-30 19:43:25 +0000"
    },
    "done": true
  },
  "minecraft:husbandry/balanced_diet": {
    "criteria": {
      "bread": "2024-08-30 19:43:32 +0000"
    },
    "done": false
  },
  "minecraft:husbandry/root": {
    "criteria": {
      "consumed_item": "2024-08-30 19:43:32 +0000"
    },
    "done": true
  },
  "ad_astra:rover": {
    "criteria": {
      "has_rover": "2024-09-01 19:32:32 +0000"
    },
    "done": true
  },
  "alexsmobs:alexsmobs/transmutation_table": {
    "criteria": {
      "sopa_de_macaco": "2024-09-01 19:31:10 +0000"
    },
    "done": true
  },
  "estrogen:root": {
    "criteria": {
      "root": "2024-09-01 19:24:32 +0000"
    },
    "done": true
  },
  "quark:get_bottled_cloud": {
    "criteria": {
      "get_bottled_cloud": "2024-09-01 19:28:18 +0000"
    },
    "done": true
  },
  "alexsmobs:alexsmobs/hummingbird_feeder": {
    "criteria": {
      "hummingbird_feeder": "2024-09-01 19:31:46 +0000"
    },
    "done": true
  },
  "alexsmobs:alexsmobs/shattered_dimensional_carver": {
    "criteria": {
      "dimensional_carver": "2024-09-01 19:29:35 +0000"
    },
    "done": true
  },
  "estrogen:estrogen_patches": {
    "criteria": {
      "estrogen_patches": "2024-09-01 19:26:08 +0000"
    },
    "done": true
  },
  "alexsmobs:alexsmobs/dimensional_carver": {
    "criteria": {
      "dimensional_carver": "2024-09-01 19:28:58 +0000"
    },
    "done": true
  },
  "estrogen:balls": {
    "criteria": {
      "balls": "2024-09-01 19:25:15 +0000"
    },
    "done": true
  },
  "estrogen:uwu": {
    "criteria": {
      "uwu": "2024-09-01 19:24:32 +0000"
    },
    "done": true
  },
  "DataVersion": 3465
}